Name,Block #,X,Y,Angle,Side
.ref,4,200,250,0,TOP
.ref,5,550,250,0,TOP
.ref,6,900,250,0,TOP
.ref,7,1250,250,0,TOP
.ref,8,1600,250,0,TOP
.ref,9,1950,250,0,TOP
.ref,10,2300,250,0,TOP
.ref,11,2650,250,0,TOP
.ref,12,3000,250,0,TOP
.ref,13,3350,250,0,TOP
.ref,14,3700,250,0,TOP
.ref,15,4050,250,0,TOP
.ref,16,4400,250,0,TOP
.ref,17,4750,250,0,TOP
.ref,18,5100,250,0,TOP
.ref,19,5450,250,0,TOP
.ref,20,5800,250,0,TOP
.ref,21,6150,250,0,TOP
.ref,22,6500,250,0,TOP
.ref,23,6850,250,0,TOP
.ref,24,7200,250,0,TOP
.ref,25,7550,250,0,TOP
.ref,26,7900,250,0,TOP
.ref,27,8250,250,0,TOP
.ref,28,8600,250,0,TOP
.ref,29,8950,250,0,TOP
.ref,30,9300,250,0,TOP
.ref,31,9650,250,0,TOP
.ref,32,10000,250,0,TOP
.ref,33,10350,250,0,TOP
.ref,34,10700,250,0,TOP
.ref,35,11050,250,0,TOP
.ref,36,200,600,0,TOP
.ref,37,550,600,0,TOP
.ref,38,900,600,0,TOP
.ref,39,1250,600,0,TOP
.ref,40,1600,600,0,TOP
.ref,41,1950,600,0,TOP
.ref,42,2300,600,0,TOP
.ref,43,2650,600,0,TOP
.ref,44,3000,600,0,TOP
.ref,45,3350,600,0,TOP
.ref,46,3700,600,0,TOP
.ref,47,4050,600,0,TOP
.ref,48,4400,600,0,TOP
.ref,49,4750,600,0,TOP
.ref,50,5100,600,0,TOP
.ref,51,5450,600,0,TOP
.ref,52,5800,600,0,TOP
.ref,53,6150,600,0,TOP
.ref,54,6500,600,0,TOP
.ref,55,6850,600,0,TOP
.ref,56,7200,600,0,TOP
.ref,57,7550,600,0,TOP
.ref,58,7900,600,0,TOP
.ref,59,8250,600,0,TOP
.ref,60,8600,600,0,TOP
.ref,61,8950,600,0,TOP
.ref,62,9300,600,0,TOP
.ref,63,9650,600,0,TOP
.ref,64,10000,600,0,TOP
.ref,65,10350,600,0,TOP
.ref,66,10700,600,0,TOP
.ref,67,11050,600,0,TOP
.ref,68,200,950,0,TOP
.ref,69,550,950,0,TOP
.ref,70,900,950,0,TOP
.ref,71,1250,950,0,TOP
.ref,72,1600,950,0,TOP
.ref,73,1950,950,0,TOP
.ref,74,2300,950,0,TOP
.ref,75,2650,950,0,TOP
.ref,76,3000,950,0,TOP
.ref,77,3350,950,0,TOP
.ref,78,3700,950,0,TOP
.ref,79,4050,950,0,TOP
.ref,80,4400,950,0,TOP
.ref,81,4750,950,0,TOP
.ref,82,5100,950,0,TOP
.ref,83,5450,950,0,TOP
.ref,84,5800,950,0,TOP
.ref,85,6150,950,0,TOP
.ref,86,6500,950,0,TOP
.ref,87,6850,950,0,TOP
.ref,88,7200,950,0,TOP
.ref,89,7550,950,0,TOP
.ref,90,7900,950,0,TOP
.ref,91,8250,950,0,TOP
.ref,92,8600,950,0,TOP
.ref,93,8950,950,0,TOP
.ref,94,9300,950,0,TOP
.ref,95,9650,950,0,TOP
.ref,96,10000,950,0,TOP
.ref,97,10350,950,0,TOP
.ref,98,10700,950,0,TOP
.ref,99,11050,950,0,TOP
.ref,100,200,1300,0,TOP
.ref,101,550,1300,0,TOP
.ref,102,900,1300,0,TOP
.ref,103,1250,1300,0,TOP
.ref,104,1600,1300,0,TOP
.ref,105,1950,1300,0,TOP
.ref,106,2300,1300,0,TOP
.ref,107,2650,1300,0,TOP
.ref,108,3000,1300,0,TOP
.ref,109,3350,1300,0,TOP
.ref,110,3700,1300,0,TOP
.ref,111,4050,1300,0,TOP
.ref,112,4400,1300,0,TOP
.ref,113,4750,1300,0,TOP
.ref,114,5100,1300,0,TOP
.ref,115,5450,1300,0,TOP
.ref,116,5800,1300,0,TOP
.ref,117,6150,1300,0,TOP
.ref,118,6500,1300,0,TOP
.ref,119,6850,1300,0,TOP
.ref,120,7200,1300,0,TOP
.ref,121,7550,1300,0,TOP
.ref,122,7900,1300,0,TOP
.ref,123,8250,1300,0,TOP
.ref,124,8600,1300,0,TOP
.ref,125,8950,1300,0,TOP
.ref,126,9300,1300,0,TOP
.ref,127,9650,1300,0,TOP
.ref,128,10000,1300,0,TOP
.ref,129,10350,1300,0,TOP
.ref,130,10700,1300,0,TOP
.ref,131,11050,1300,0,TOP
.ref,132,200,1650,0,TOP
.ref,133,550,1650,0,TOP
.ref,134,900,1650,0,TOP
.ref,135,1250,1650,0,TOP
.ref,136,1600,1650,0,TOP
.ref,137,1950,1650,0,TOP
.ref,138,2300,1650,0,TOP
.ref,139,2650,1650,0,TOP
.ref,140,3000,1650,0,TOP
.ref,141,3350,1650,0,TOP
.ref,142,3700,1650,0,TOP
.ref,143,4050,1650,0,TOP
.ref,144,4400,1650,0,TOP
.ref,145,4750,1650,0,TOP
.ref,146,5100,1650,0,TOP
.ref,147,5450,1650,0,TOP
.ref,148,5800,1650,0,TOP
.ref,149,6150,1650,0,TOP
.ref,150,6500,1650,0,TOP
.ref,151,6850,1650,0,TOP
.ref,152,7200,1650,0,TOP
.ref,153,7550,1650,0,TOP
.ref,154,7900,1650,0,TOP
.ref,155,8250,1650,0,TOP
.ref,156,8600,1650,0,TOP
.ref,157,8950,1650,0,TOP
.ref,158,9300,1650,0,TOP
.ref,159,9650,1650,0,TOP
.ref,160,10000,1650,0,TOP
.ref,161,10350,1650,0,TOP
.ref,162,10700,1650,0,TOP
.ref,163,11050,1650,0,TOP
.ref,164,200,2000,0,TOP
.ref,165,550,2000,0,TOP
.ref,166,900,2000,0,TOP
.ref,167,1250,2000,0,TOP
.ref,168,1600,2000,0,TOP
.ref,169,1950,2000,0,TOP
.ref,170,2300,2000,0,TOP
.ref,171,2650,2000,0,TOP
.ref,172,3000,2000,0,TOP
.ref,173,3350,2000,0,TOP
.ref,174,3700,2000,0,TOP
.ref,175,4050,2000,0,TOP
.ref,176,4400,2000,0,TOP
.ref,177,4750,2000,0,TOP
.ref,178,5100,2000,0,TOP
.ref,179,5450,2000,0,TOP
.ref,180,5800,2000,0,TOP
.ref,181,6150,2000,0,TOP
.ref,182,6500,2000,0,TOP
.ref,183,6850,2000,0,TOP
.ref,184,7200,2000,0,TOP
.ref,185,7550,2000,0,TOP
.ref,186,7900,2000,0,TOP
.ref,187,8250,2000,0,TOP
.ref,188,8600,2000,0,TOP
.ref,189,8950,2000,0,TOP
.ref,190,9300,2000,0,TOP
.ref,191,9650,2000,0,TOP
.ref,192,10000,2000,0,TOP
.ref,193,10350,2000,0,TOP
.ref,194,10700,2000,0,TOP
.ref,195,11050,2000,0,TOP
.ref,196,200,2350,0,TOP
.ref,197,550,2350,0,TOP
.ref,198,900,2350,0,TOP
.ref,199,1250,2350,0,TOP
.ref,200,1600,2350,0,TOP
.ref,201,1950,2350,0,TOP
.ref,202,2300,2350,0,TOP
.ref,203,2650,2350,0,TOP
.ref,204,3000,2350,0,TOP
.ref,205,3350,2350,0,TOP
.ref,206,3700,2350,0,TOP
.ref,207,4050,2350,0,TOP
.ref,208,4400,2350,0,TOP
.ref,209,4750,2350,0,TOP
.ref,210,5100,2350,0,TOP
.ref,211,5450,2350,0,TOP
.ref,212,5800,2350,0,TOP
.ref,213,6150,2350,0,TOP
.ref,214,6500,2350,0,TOP
.ref,215,6850,2350,0,TOP
.ref,216,7200,2350,0,TOP
.ref,217,7550,2350,0,TOP
.ref,218,7900,2350,0,TOP
.ref,219,8250,2350,0,TOP
.ref,220,8600,2350,0,TOP
.ref,221,8950,2350,0,TOP
.ref,222,9300,2350,0,TOP
.ref,223,9650,2350,0,TOP
.ref,224,10000,2350,0,TOP
.ref,225,10350,2350,0,TOP
.ref,226,10700,2350,0,TOP
.ref,227,11050,2350,0,TOP
.ref,228,200,2700,0,TOP
.ref,229,550,2700,0,TOP
.ref,230,900,2700,0,TOP
.ref,231,1250,2700,0,TOP
.ref,232,1600,2700,0,TOP
.ref,233,1950,2700,0,TOP
.ref,234,2300,2700,0,TOP
.ref,235,2650,2700,0,TOP
.ref,236,3000,2700,0,TOP
.ref,237,3350,2700,0,TOP
.ref,238,3700,2700,0,TOP
.ref,239,4050,2700,0,TOP
.ref,240,4400,2700,0,TOP
.ref,241,4750,2700,0,TOP
.ref,242,5100,2700,0,TOP
.ref,243,5450,2700,0,TOP
.ref,244,5800,2700,0,TOP
.ref,245,6150,2700,0,TOP
.ref,246,6500,2700,0,TOP
.ref,247,6850,2700,0,TOP
.ref,248,7200,2700,0,TOP
.ref,249,7550,2700,0,TOP
.ref,250,7900,2700,0,TOP
.ref,251,8250,2700,0,TOP
.ref,252,8600,2700,0,TOP
.ref,253,8950,2700,0,TOP
.ref,254,9300,2700,0,TOP
.ref,255,9650,2700,0,TOP
.ref,256,10000,2700,0,TOP
.ref,257,10350,2700,0,TOP
.ref,258,10700,2700,0,TOP
.ref,259,11050,2700,0,TOP
.ref,260,200,3050,0,TOP
.ref,261,550,3050,0,TOP
.ref,262,900,3050,0,TOP
.ref,263,1250,3050,0,TOP
.ref,264,1600,3050,0,TOP
.ref,265,1950,3050,0,TOP
.ref,266,2300,3050,0,TOP
.ref,267,2650,3050,0,TOP
.ref,268,3000,3050,0,TOP
.ref,269,3350,3050,0,TOP
.ref,270,3700,3050,0,TOP
.ref,271,4050,3050,0,TOP
.ref,272,4400,3050,0,TOP
.ref,273,4750,3050,0,TOP
.ref,274,5100,3050,0,TOP
.ref,275,5450,3050,0,TOP
.ref,276,5800,3050,0,TOP
.ref,277,6150,3050,0,TOP
.ref,278,6500,3050,0,TOP
.ref,279,6850,3050,0,TOP
.ref,280,7200,3050,0,TOP
.ref,281,7550,3050,0,TOP
.ref,282,7900,3050,0,TOP
.ref,283,8250,3050,0,TOP
.ref,284,8600,3050,0,TOP
.ref,285,8950,3050,0,TOP
.ref,286,9300,3050,0,TOP
.ref,287,9650,3050,0,TOP
.ref,288,10000,3050,0,TOP
.ref,289,10350,3050,0,TOP
.ref,290,10700,3050,0,TOP
.ref,291,11050,3050,0,TOP
.ref,292,200,3400,0,TOP
.ref,293,550,3400,0,TOP
.ref,294,900,3400,0,TOP
.ref,295,1250,3400,0,TOP
.ref,296,1600,3400,0,TOP
.ref,297,1950,3400,0,TOP
.ref,298,2300,3400,0,TOP
.ref,299,2650,3400,0,TOP
.ref,300,3000,3400,0,TOP
.ref,301,3350,3400,0,TOP
.ref,302,3700,3400,0,TOP
.ref,303,4050,3400,0,TOP
.ref,304,4400,3400,0,TOP
.ref,305,4750,3400,0,TOP
.ref,306,5100,3400,0,TOP
.ref,307,5450,3400,0,TOP
.ref,308,5800,3400,0,TOP
.ref,309,6150,3400,0,TOP
.ref,310,6500,3400,0,TOP
.ref,311,6850,3400,0,TOP
.ref,312,7200,3400,0,TOP
.ref,313,7550,3400,0,TOP
.ref,314,7900,3400,0,TOP
.ref,315,8250,3400,0,TOP
.ref,316,8600,3400,0,TOP
.ref,317,8950,3400,0,TOP
.ref,318,9300,3400,0,TOP
.ref,319,9650,3400,0,TOP
.ref,320,10000,3400,0,TOP
.ref,321,10350,3400,0,TOP
.ref,322,10700,3400,0,TOP
.ref,323,11050,3400,0,TOP
.ref,324,200,3750,0,TOP
.ref,325,550,3750,0,TOP
.ref,326,900,3750,0,TOP
.ref,327,1250,3750,0,TOP
.ref,328,1600,3750,0,TOP
.ref,329,1950,3750,0,TOP
.ref,330,2300,3750,0,TOP
.ref,331,2650,3750,0,TOP
.ref,332,3000,3750,0,TOP
.ref,333,3350,3750,0,TOP
.ref,334,3700,3750,0,TOP
.ref,335,4050,3750,0,TOP
.ref,336,4400,3750,0,TOP
.ref,337,4750,3750,0,TOP
.ref,338,5100,3750,0,TOP
.ref,339,5450,3750,0,TOP
.ref,340,5800,3750,0,TOP
.ref,341,6150,3750,0,TOP
.ref,342,6500,3750,0,TOP
.ref,343,6850,3750,0,TOP
.ref,344,7200,3750,0,TOP
.ref,345,7550,3750,0,TOP
.ref,346,7900,3750,0,TOP
.ref,347,8250,3750,0,TOP
.ref,348,8600,3750,0,TOP
.ref,349,8950,3750,0,TOP
.ref,350,9300,3750,0,TOP
.ref,351,9650,3750,0,TOP
.ref,352,10000,3750,0,TOP
.ref,353,10350,3750,0,TOP
.ref,354,10700,3750,0,TOP
.ref,355,11050,3750,0,TOP
.ref,356,200,4100,0,TOP
.ref,357,550,4100,0,TOP
.ref,358,900,4100,0,TOP
.ref,359,1250,4100,0,TOP
.ref,360,1600,4100,0,TOP
.ref,361,1950,4100,0,TOP
.ref,362,2300,4100,0,TOP
.ref,363,2650,4100,0,TOP
.ref,364,3000,4100,0,TOP
.ref,365,3350,4100,0,TOP
.ref,366,3700,4100,0,TOP
.ref,367,4050,4100,0,TOP
.ref,368,4400,4100,0,TOP
.ref,369,4750,4100,0,TOP
.ref,370,5100,4100,0,TOP
.ref,371,5450,4100,0,TOP
.ref,372,5800,4100,0,TOP
.ref,373,6150,4100,0,TOP
.ref,374,6500,4100,0,TOP
.ref,375,6850,4100,0,TOP
.ref,376,7200,4100,0,TOP
.ref,377,7550,4100,0,TOP
.ref,378,7900,4100,0,TOP
.ref,379,8250,4100,0,TOP
.ref,380,8600,4100,0,TOP
.ref,381,8950,4100,0,TOP
.ref,382,9300,4100,0,TOP
.ref,383,9650,4100,0,TOP
.ref,384,10000,4100,0,TOP
.ref,385,10350,4100,0,TOP
.ref,386,10700,4100,0,TOP
.ref,387,11050,4100,0,TOP
.ref,388,200,4450,0,TOP
.ref,389,550,4450,0,TOP
.ref,390,900,4450,0,TOP
.ref,391,1250,4450,0,TOP
.ref,392,1600,4450,0,TOP
.ref,393,1950,4450,0,TOP
.ref,394,2300,4450,0,TOP
.ref,395,2650,4450,0,TOP
.ref,396,3000,4450,0,TOP
.ref,397,3350,4450,0,TOP
.ref,398,3700,4450,0,TOP
.ref,399,4050,4450,0,TOP
.ref,400,4400,4450,0,TOP
.ref,401,4750,4450,0,TOP
.ref,402,5100,4450,0,TOP
.ref,403,5450,4450,0,TOP
.ref,404,5800,4450,0,TOP
.ref,405,6150,4450,0,TOP
.ref,406,6500,4450,0,TOP
.ref,407,6850,4450,0,TOP
.ref,408,7200,4450,0,TOP
.ref,409,7550,4450,0,TOP
.ref,410,7900,4450,0,TOP
.ref,411,8250,4450,0,TOP
.ref,412,8600,4450,0,TOP
.ref,413,8950,4450,0,TOP
.ref,414,9300,4450,0,TOP
.ref,415,9650,4450,0,TOP
.ref,416,10000,4450,0,TOP
.ref,417,10350,4450,0,TOP
.ref,418,10700,4450,0,TOP
.ref,419,11050,4450,0,TOP
.ref,420,200,4800,0,TOP
.ref,421,550,4800,0,TOP
.ref,422,900,4800,0,TOP
.ref,423,1250,4800,0,TOP
.ref,424,1600,4800,0,TOP
.ref,425,1950,4800,0,TOP
.ref,426,2300,4800,0,TOP
.ref,427,2650,4800,0,TOP
.ref,428,3000,4800,0,TOP
.ref,429,3350,4800,0,TOP
.ref,430,3700,4800,0,TOP
.ref,431,4050,4800,0,TOP
.ref,432,4400,4800,0,TOP
.ref,433,4750,4800,0,TOP
.ref,434,5100,4800,0,TOP
.ref,435,5450,4800,0,TOP
.ref,436,5800,4800,0,TOP
.ref,437,6150,4800,0,TOP
.ref,438,6500,4800,0,TOP
.ref,439,6850,4800,0,TOP
.ref,440,7200,4800,0,TOP
.ref,441,7550,4800,0,TOP
.ref,442,7900,4800,0,TOP
.ref,443,8250,4800,0,TOP
.ref,444,8600,4800,0,TOP
.ref,445,8950,4800,0,TOP
.ref,446,9300,4800,0,TOP
.ref,447,9650,4800,0,TOP
.ref,448,10000,4800,0,TOP
.ref,449,10350,4800,0,TOP
.ref,450,10700,4800,0,TOP
.ref,451,11050,4800,0,TOP
.ref,452,200,5150,0,TOP
.ref,453,550,5150,0,TOP
.ref,454,900,5150,0,TOP
.ref,455,1250,5150,0,TOP
.ref,456,1600,5150,0,TOP
.ref,457,1950,5150,0,TOP
.ref,458,2300,5150,0,TOP
.ref,459,2650,5150,0,TOP
.ref,460,3000,5150,0,TOP
.ref,461,3350,5150,0,TOP
.ref,462,3700,5150,0,TOP
.ref,463,4050,5150,0,TOP
.ref,464,4400,5150,0,TOP
.ref,465,4750,5150,0,TOP
.ref,466,5100,5150,0,TOP
.ref,467,5450,5150,0,TOP
.ref,468,5800,5150,0,TOP
.ref,469,6150,5150,0,TOP
.ref,470,6500,5150,0,TOP
.ref,471,6850,5150,0,TOP
.ref,472,7200,5150,0,TOP
.ref,473,7550,5150,0,TOP
.ref,474,7900,5150,0,TOP
.ref,475,8250,5150,0,TOP
.ref,476,8600,5150,0,TOP
.ref,477,8950,5150,0,TOP
.ref,478,9300,5150,0,TOP
.ref,479,9650,5150,0,TOP
.ref,480,10000,5150,0,TOP
.ref,481,10350,5150,0,TOP
.ref,482,10700,5150,0,TOP
.ref,483,11050,5150,0,TOP
.ref,484,200,5500,0,TOP
.ref,485,550,5500,0,TOP
.ref,486,900,5500,0,TOP
.ref,487,1250,5500,0,TOP
.ref,488,1600,5500,0,TOP
.ref,489,1950,5500,0,TOP
.ref,490,2300,5500,0,TOP
.ref,491,2650,5500,0,TOP
.ref,492,3000,5500,0,TOP
.ref,493,3350,5500,0,TOP
.ref,494,3700,5500,0,TOP
.ref,495,4050,5500,0,TOP
.ref,496,4400,5500,0,TOP
.ref,497,4750,5500,0,TOP
.ref,498,5100,5500,0,TOP
.ref,499,5450,5500,0,TOP
.ref,500,5800,5500,0,TOP
.ref,501,6150,5500,0,TOP
.ref,502,6500,5500,0,TOP
.ref,503,6850,5500,0,TOP
.ref,504,7200,5500,0,TOP
.ref,505,7550,5500,0,TOP
.ref,506,7900,5500,0,TOP
.ref,507,8250,5500,0,TOP
.ref,508,8600,5500,0,TOP
.ref,509,8950,5500,0,TOP
.ref,510,9300,5500,0,TOP
.ref,511,9650,5500,0,TOP
.ref,512,10000,5500,0,TOP
.ref,513,10350,5500,0,TOP
.ref,514,10700,5500,0,TOP
.ref,515,11050,5500,0,TOP
.ref,516,200,5850,0,TOP
.ref,517,550,5850,0,TOP
.ref,518,900,5850,0,TOP
.ref,519,1250,5850,0,TOP
.ref,520,1600,5850,0,TOP
.ref,521,1950,5850,0,TOP
.ref,522,2300,5850,0,TOP
.ref,523,2650,5850,0,TOP
.ref,524,3000,5850,0,TOP
.ref,525,3350,5850,0,TOP
.ref,526,3700,5850,0,TOP
.ref,527,4050,5850,0,TOP
.ref,528,4400,5850,0,TOP
.ref,529,4750,5850,0,TOP
.ref,530,5100,5850,0,TOP
.ref,531,5450,5850,0,TOP
.ref,532,5800,5850,0,TOP
.ref,533,6150,5850,0,TOP
.ref,534,6500,5850,0,TOP
.ref,535,6850,5850,0,TOP
.ref,536,7200,5850,0,TOP
.ref,537,7550,5850,0,TOP
.ref,538,7900,5850,0,TOP
.ref,539,8250,5850,0,TOP
.ref,540,8600,5850,0,TOP
.ref,541,8950,5850,0,TOP
.ref,542,9300,5850,0,TOP
.ref,543,9650,5850,0,TOP
.ref,544,10000,5850,0,TOP
.ref,545,10350,5850,0,TOP
.ref,546,10700,5850,0,TOP
.ref,547,11050,5850,0,TOP
.ref,548,200,6200,0,TOP
.ref,549,550,6200,0,TOP
.ref,550,900,6200,0,TOP
.ref,551,1250,6200,0,TOP
.ref,552,1600,6200,0,TOP
.ref,553,1950,6200,0,TOP
.ref,554,2300,6200,0,TOP
.ref,555,2650,6200,0,TOP
.ref,556,3000,6200,0,TOP
.ref,557,3350,6200,0,TOP
.ref,558,3700,6200,0,TOP
.ref,559,4050,6200,0,TOP
.ref,560,4400,6200,0,TOP
.ref,561,4750,6200,0,TOP
.ref,562,5100,6200,0,TOP
.ref,563,5450,6200,0,TOP
.ref,564,5800,6200,0,TOP
.ref,565,6150,6200,0,TOP
.ref,566,6500,6200,0,TOP
.ref,567,6850,6200,0,TOP
.ref,568,7200,6200,0,TOP
.ref,569,7550,6200,0,TOP
.ref,570,7900,6200,0,TOP
.ref,571,8250,6200,0,TOP
.ref,572,8600,6200,0,TOP
.ref,573,8950,6200,0,TOP
.ref,574,9300,6200,0,TOP
.ref,575,9650,6200,0,TOP
.ref,576,10000,6200,0,TOP
.ref,577,10350,6200,0,TOP
.ref,578,10700,6200,0,TOP
.ref,579,11050,6200,0,TOP
.ref,580,200,6550,0,TOP
.ref,581,550,6550,0,TOP
.ref,582,900,6550,0,TOP
.ref,583,1250,6550,0,TOP
.ref,584,1600,6550,0,TOP
.ref,585,1950,6550,0,TOP
.ref,586,2300,6550,0,TOP
.ref,587,2650,6550,0,TOP
.ref,588,3000,6550,0,TOP
.ref,589,3350,6550,0,TOP
.ref,590,3700,6550,0,TOP
.ref,591,4050,6550,0,TOP
.ref,592,4400,6550,0,TOP
.ref,593,4750,6550,0,TOP
.ref,594,5100,6550,0,TOP
.ref,595,5450,6550,0,TOP
.ref,596,5800,6550,0,TOP
.ref,597,6150,6550,0,TOP
.ref,598,6500,6550,0,TOP
.ref,599,6850,6550,0,TOP
.ref,600,7200,6550,0,TOP
.ref,601,7550,6550,0,TOP
.ref,602,7900,6550,0,TOP
.ref,603,8250,6550,0,TOP
.ref,604,8600,6550,0,TOP
.ref,605,8950,6550,0,TOP
.ref,606,9300,6550,0,TOP
.ref,607,9650,6550,0,TOP
.ref,608,10000,6550,0,TOP
.ref,609,10350,6550,0,TOP
.ref,610,10700,6550,0,TOP
.ref,611,11050,6550,0,TOP
.ref,612,200,6900,0,TOP
.ref,613,550,6900,0,TOP
.ref,614,900,6900,0,TOP
.ref,615,1250,6900,0,TOP
.ref,616,1600,6900,0,TOP
.ref,617,1950,6900,0,TOP
.ref,618,2300,6900,0,TOP
.ref,619,2650,6900,0,TOP
.ref,620,3000,6900,0,TOP
.ref,621,3350,6900,0,TOP
.ref,622,3700,6900,0,TOP
.ref,623,4050,6900,0,TOP
.ref,624,4400,6900,0,TOP
.ref,625,4750,6900,0,TOP
.ref,626,5100,6900,0,TOP
.ref,627,5450,6900,0,TOP
.ref,628,5800,6900,0,TOP
.ref,629,6150,6900,0,TOP
.ref,630,6500,6900,0,TOP
.ref,631,6850,6900,0,TOP
.ref,632,7200,6900,0,TOP
.ref,633,7550,6900,0,TOP
.ref,634,7900,6900,0,TOP
.ref,635,8250,6900,0,TOP
.ref,636,8600,6900,0,TOP
.ref,637,8950,6900,0,TOP
.ref,638,9300,6900,0,TOP
.ref,639,9650,6900,0,TOP
.ref,640,10000,6900,0,TOP
.ref,641,10350,6900,0,TOP
.ref,642,10700,6900,0,TOP
.ref,643,11050,6900,0,TOP
.ref,644,200,7250,0,TOP
.ref,645,550,7250,0,TOP
.ref,646,900,7250,0,TOP
.ref,647,1250,7250,0,TOP
.ref,648,1600,7250,0,TOP
.ref,649,1950,7250,0,TOP
.ref,650,2300,7250,0,TOP
.ref,651,2650,7250,0,TOP
.ref,652,3000,7250,0,TOP
.ref,653,3350,7250,0,TOP
.ref,654,3700,7250,0,TOP
.ref,655,4050,7250,0,TOP
.ref,656,4400,7250,0,TOP
.ref,657,4750,7250,0,TOP
.ref,658,5100,7250,0,TOP
.ref,659,5450,7250,0,TOP
.ref,660,5800,7250,0,TOP
.ref,661,6150,7250,0,TOP
.ref,662,6500,7250,0,TOP
.ref,663,6850,7250,0,TOP
.ref,664,7200,7250,0,TOP
.ref,665,7550,7250,0,TOP
.ref,666,7900,7250,0,TOP
.ref,667,8250,7250,0,TOP
.ref,668,8600,7250,0,TOP
.ref,669,8950,7250,0,TOP
.ref,670,9300,7250,0,TOP
.ref,671,9650,7250,0,TOP
.ref,672,10000,7250,0,TOP
.ref,673,10350,7250,0,TOP
.ref,674,10700,7250,0,TOP
.ref,675,11050,7250,0,TOP
.ref,676,200,7600,0,TOP
.ref,677,550,7600,0,TOP
.ref,678,900,7600,0,TOP
.ref,679,1250,7600,0,TOP
.ref,680,1600,7600,0,TOP
.ref,681,1950,7600,0,TOP
.ref,682,2300,7600,0,TOP
.ref,683,2650,7600,0,TOP
.ref,684,3000,7600,0,TOP
.ref,685,3350,7600,0,TOP
.ref,686,3700,7600,0,TOP
.ref,687,4050,7600,0,TOP
.ref,688,4400,7600,0,TOP
.ref,689,4750,7600,0,TOP
.ref,690,5100,7600,0,TOP
.ref,691,5450,7600,0,TOP
.ref,692,5800,7600,0,TOP
.ref,693,6150,7600,0,TOP
.ref,694,6500,7600,0,TOP
.ref,695,6850,7600,0,TOP
.ref,696,7200,7600,0,TOP
.ref,697,7550,7600,0,TOP
.ref,698,7900,7600,0,TOP
.ref,699,8250,7600,0,TOP
.ref,700,8600,7600,0,TOP
.ref,701,8950,7600,0,TOP
.ref,702,9300,7600,0,TOP
.ref,703,9650,7600,0,TOP
.ref,704,10000,7600,0,TOP
.ref,705,10350,7600,0,TOP
.ref,706,10700,7600,0,TOP
.ref,707,11050,7600,0,TOP
.ref,708,200,7950,0,TOP
.ref,709,550,7950,0,TOP
.ref,710,900,7950,0,TOP
.ref,711,1250,7950,0,TOP
.ref,712,1600,7950,0,TOP
.ref,713,1950,7950,0,TOP
.ref,714,2300,7950,0,TOP
.ref,715,2650,7950,0,TOP
.ref,716,3000,7950,0,TOP
.ref,717,3350,7950,0,TOP
.ref,718,3700,7950,0,TOP
.ref,719,4050,7950,0,TOP
.ref,720,4400,7950,0,TOP
.ref,721,4750,7950,0,TOP
.ref,722,5100,7950,0,TOP
.ref,723,5450,7950,0,TOP
.ref,724,5800,7950,0,TOP
.ref,725,6150,7950,0,TOP
.ref,726,6500,7950,0,TOP
.ref,727,6850,7950,0,TOP
.ref,728,7200,7950,0,TOP
.ref,729,7550,7950,0,TOP
.ref,730,7900,7950,0,TOP
.ref,731,8250,7950,0,TOP
.ref,732,8600,7950,0,TOP
.ref,733,8950,7950,0,TOP
.ref,734,9300,7950,0,TOP
.ref,735,9650,7950,0,TOP
.ref,736,10000,7950,0,TOP
.ref,737,10350,7950,0,TOP
.ref,738,10700,7950,0,TOP
.ref,739,11050,7950,0,TOP
.ref,740,200,8300,0,TOP
.ref,741,550,8300,0,TOP
.ref,742,900,8300,0,TOP
.ref,743,1250,8300,0,TOP
.ref,744,1600,8300,0,TOP
.ref,745,1950,8300,0,TOP
.ref,746,2300,8300,0,TOP
.ref,747,2650,8300,0,TOP
.ref,748,3000,8300,0,TOP
.ref,749,3350,8300,0,TOP
.ref,750,3700,8300,0,TOP
.ref,751,4050,8300,0,TOP
.ref,752,4400,8300,0,TOP
.ref,753,4750,8300,0,TOP
.ref,754,5100,8300,0,TOP
.ref,755,5450,8300,0,TOP
.ref,756,5800,8300,0,TOP
.ref,757,6150,8300,0,TOP
.ref,758,6500,8300,0,TOP
.ref,759,6850,8300,0,TOP
.ref,760,7200,8300,0,TOP
.ref,761,7550,8300,0,TOP
.ref,762,7900,8300,0,TOP
.ref,763,8250,8300,0,TOP
.ref,764,8600,8300,0,TOP
.ref,765,8950,8300,0,TOP
.ref,766,9300,8300,0,TOP
.ref,767,9650,8300,0,TOP
.ref,768,10000,8300,0,TOP
.ref,769,10350,8300,0,TOP
.ref,770,10700,8300,0,TOP
.ref,771,11050,8300,0,TOP
.ref,772,200,8650,0,TOP
.ref,773,550,8650,0,TOP
.ref,774,900,8650,0,TOP
.ref,775,1250,8650,0,TOP
.ref,776,1600,8650,0,TOP
.ref,777,1950,8650,0,TOP
.ref,778,2300,8650,0,TOP
.ref,779,2650,8650,0,TOP
.ref,780,3000,8650,0,TOP
.ref,781,3350,8650,0,TOP
.ref,782,3700,8650,0,TOP
.ref,783,4050,8650,0,TOP
.ref,784,4400,8650,0,TOP
.ref,785,4750,8650,0,TOP
.ref,786,5100,8650,0,TOP
.ref,787,5450,8650,0,TOP
.ref,788,5800,8650,0,TOP
.ref,789,6150,8650,0,TOP
.ref,790,6500,8650,0,TOP
.ref,791,6850,8650,0,TOP
.ref,792,7200,8650,0,TOP
.ref,793,7550,8650,0,TOP
.ref,794,7900,8650,0,TOP
.ref,795,8250,8650,0,TOP
.ref,796,8600,8650,0,TOP
.ref,797,8950,8650,0,TOP
.ref,798,9300,8650,0,TOP
.ref,799,9650,8650,0,TOP
.ref,800,10000,8650,0,TOP
.ref,801,10350,8650,0,TOP
.ref,802,10700,8650,0,TOP
.ref,803,11050,8650,0,TOP
.ref,804,200,9000,0,TOP
.ref,805,550,9000,0,TOP
.ref,806,900,9000,0,TOP
.ref,807,1250,9000,0,TOP
.ref,808,1600,9000,0,TOP
.ref,809,1950,9000,0,TOP
.ref,810,2300,9000,0,TOP
.ref,811,2650,9000,0,TOP
.ref,812,3000,9000,0,TOP
.ref,813,3350,9000,0,TOP
.ref,814,3700,9000,0,TOP
.ref,815,4050,9000,0,TOP
.ref,816,4400,9000,0,TOP
.ref,817,4750,9000,0,TOP
.ref,818,5100,9000,0,TOP
.ref,819,5450,9000,0,TOP
.ref,820,5800,9000,0,TOP
.ref,821,6150,9000,0,TOP
.ref,822,6500,9000,0,TOP
.ref,823,6850,9000,0,TOP
.ref,824,7200,9000,0,TOP
.ref,825,7550,9000,0,TOP
.ref,826,7900,9000,0,TOP
.ref,827,8250,9000,0,TOP
.ref,828,8600,9000,0,TOP
.ref,829,8950,9000,0,TOP
.ref,830,9300,9000,0,TOP
.ref,831,9650,9000,0,TOP
.ref,832,10000,9000,0,TOP
.ref,833,10350,9000,0,TOP
.ref,834,10700,9000,0,TOP
.ref,835,11050,9000,0,TOP
.ref,836,200,9350,0,TOP
.ref,837,550,9350,0,TOP
.ref,838,900,9350,0,TOP
.ref,839,1250,9350,0,TOP
.ref,840,1600,9350,0,TOP
.ref,841,1950,9350,0,TOP
.ref,842,2300,9350,0,TOP
.ref,843,2650,9350,0,TOP
.ref,844,3000,9350,0,TOP
.ref,845,3350,9350,0,TOP
.ref,846,3700,9350,0,TOP
.ref,847,4050,9350,0,TOP
.ref,848,4400,9350,0,TOP
.ref,849,4750,9350,0,TOP
.ref,850,5100,9350,0,TOP
.ref,851,5450,9350,0,TOP
.ref,852,5800,9350,0,TOP
.ref,853,6150,9350,0,TOP
.ref,854,6500,9350,0,TOP
.ref,855,6850,9350,0,TOP
.ref,856,7200,9350,0,TOP
.ref,857,7550,9350,0,TOP
.ref,858,7900,9350,0,TOP
.ref,859,8250,9350,0,TOP
.ref,860,8600,9350,0,TOP
.ref,861,8950,9350,0,TOP
.ref,862,9300,9350,0,TOP
.ref,863,9650,9350,0,TOP
.ref,864,10000,9350,0,TOP
.ref,865,10350,9350,0,TOP
.ref,866,10700,9350,0,TOP
.ref,867,11050,9350,0,TOP
.ref,868,200,9700,0,TOP
.ref,869,550,9700,0,TOP
.ref,870,900,9700,0,TOP
.ref,871,1250,9700,0,TOP
.ref,872,1600,9700,0,TOP
.ref,873,1950,9700,0,TOP
.ref,874,2300,9700,0,TOP
.ref,875,2650,9700,0,TOP
.ref,876,3000,9700,0,TOP
.ref,877,3350,9700,0,TOP
.ref,878,3700,9700,0,TOP
.ref,879,4050,9700,0,TOP
.ref,880,4400,9700,0,TOP
.ref,881,4750,9700,0,TOP
.ref,882,5100,9700,0,TOP
.ref,883,5450,9700,0,TOP
.ref,884,5800,9700,0,TOP
.ref,885,6150,9700,0,TOP
.ref,886,6500,9700,0,TOP
.ref,887,6850,9700,0,TOP
.ref,888,7200,9700,0,TOP
.ref,889,7550,9700,0,TOP
.ref,890,7900,9700,0,TOP
.ref,891,8250,9700,0,TOP
.ref,892,8600,9700,0,TOP
.ref,893,8950,9700,0,TOP
.ref,894,9300,9700,0,TOP
.ref,895,9650,9700,0,TOP
.ref,896,10000,9700,0,TOP
.ref,897,10350,9700,0,TOP
.ref,898,10700,9700,0,TOP
.ref,899,11050,9700,0,TOP
.ref,900,200,10050,0,TOP
.ref,901,550,10050,0,TOP
.ref,902,900,10050,0,TOP
.ref,903,1250,10050,0,TOP
.ref,904,1600,10050,0,TOP
.ref,905,1950,10050,0,TOP
.ref,906,2300,10050,0,TOP
.ref,907,2650,10050,0,TOP
.ref,908,3000,10050,0,TOP
.ref,909,3350,10050,0,TOP
.ref,910,3700,10050,0,TOP
.ref,911,4050,10050,0,TOP
.ref,912,4400,10050,0,TOP
.ref,913,4750,10050,0,TOP
.ref,914,5100,10050,0,TOP
.ref,915,5450,10050,0,TOP
.ref,916,5800,10050,0,TOP
.ref,917,6150,10050,0,TOP
.ref,918,6500,10050,0,TOP
.ref,919,6850,10050,0,TOP
.ref,920,7200,10050,0,TOP
.ref,921,7550,10050,0,TOP
.ref,922,7900,10050,0,TOP
.ref,923,8250,10050,0,TOP
.ref,924,8600,10050,0,TOP
.ref,925,8950,10050,0,TOP
.ref,926,9300,10050,0,TOP
.ref,927,9650,10050,0,TOP
.ref,928,10000,10050,0,TOP
.ref,929,10350,10050,0,TOP
.ref,930,10700,10050,0,TOP
.ref,931,11050,10050,0,TOP
.ref,932,200,10400,0,TOP
.ref,933,550,10400,0,TOP
.ref,934,900,10400,0,TOP
.ref,935,1250,10400,0,TOP
.ref,936,1600,10400,0,TOP
.ref,937,1950,10400,0,TOP
.ref,938,2300,10400,0,TOP
.ref,939,2650,10400,0,TOP
.ref,940,3000,10400,0,TOP
.ref,941,3350,10400,0,TOP
.ref,942,3700,10400,0,TOP
.ref,943,4050,10400,0,TOP
.ref,944,4400,10400,0,TOP
.ref,945,4750,10400,0,TOP
.ref,946,5100,10400,0,TOP
.ref,947,5450,10400,0,TOP
.ref,948,5800,10400,0,TOP
.ref,949,6150,10400,0,TOP
.ref,950,6500,10400,0,TOP
.ref,951,6850,10400,0,TOP
.ref,952,7200,10400,0,TOP
.ref,953,7550,10400,0,TOP
.ref,954,7900,10400,0,TOP
.ref,955,8250,10400,0,TOP
.ref,956,8600,10400,0,TOP
.ref,957,8950,10400,0,TOP
.ref,958,9300,10400,0,TOP
.ref,959,9650,10400,0,TOP
.ref,960,10000,10400,0,TOP
.ref,961,10350,10400,0,TOP
.ref,962,10700,10400,0,TOP
.ref,963,11050,10400,0,TOP
.ref,964,200,10750,0,TOP
.ref,965,550,10750,0,TOP
.ref,966,900,10750,0,TOP
.ref,967,1250,10750,0,TOP
.ref,968,1600,10750,0,TOP
.ref,969,1950,10750,0,TOP
.ref,970,2300,10750,0,TOP
.ref,971,2650,10750,0,TOP
.ref,972,3000,10750,0,TOP
.ref,973,3350,10750,0,TOP
.ref,974,3700,10750,0,TOP
.ref,975,4050,10750,0,TOP
.ref,976,4400,10750,0,TOP
.ref,977,4750,10750,0,TOP
.ref,978,5100,10750,0,TOP
.ref,979,5450,10750,0,TOP
.ref,980,5800,10750,0,TOP
.ref,981,6150,10750,0,TOP
.ref,982,6500,10750,0,TOP
.ref,983,6850,10750,0,TOP
.ref,984,7200,10750,0,TOP
.ref,985,7550,10750,0,TOP
.ref,986,7900,10750,0,TOP
.ref,987,8250,10750,0,TOP
.ref,988,8600,10750,0,TOP
.ref,989,8950,10750,0,TOP
.ref,990,9300,10750,0,TOP
.ref,991,9650,10750,0,TOP
.ref,992,10000,10750,0,TOP
.ref,993,10350,10750,0,TOP
.ref,994,10700,10750,0,TOP
.ref,995,11050,10750,0,TOP
.ref,996,200,11100,0,TOP
.ref,997,550,11100,0,TOP
.ref,998,900,11100,0,TOP
.ref,999,1250,11100,0,TOP
.ref,1000,1600,11100,0,TOP
.ref,1001,1950,11100,0,TOP
.ref,1002,2300,11100,0,TOP
.ref,1003,2650,11100,0,TOP
.ref,1004,3000,11100,0,TOP
.ref,1005,3350,11100,0,TOP
.ref,1006,3700,11100,0,TOP
.ref,1007,4050,11100,0,TOP
.ref,1008,4400,11100,0,TOP
.ref,1009,4750,11100,0,TOP
.ref,1010,5100,11100,0,TOP
.ref,1011,5450,11100,0,TOP
.ref,1012,5800,11100,0,TOP
.ref,1013,6150,11100,0,TOP
.ref,1014,6500,11100,0,TOP
.ref,1015,6850,11100,0,TOP
.ref,1016,7200,11100,0,TOP
.ref,1017,7550,11100,0,TOP
.ref,1018,7900,11100,0,TOP
.ref,1019,8250,11100,0,TOP
.ref,1020,8600,11100,0,TOP
.ref,1021,8950,11100,0,TOP
.ref,1022,9300,11100,0,TOP
.ref,1023,9650,11100,0,TOP
.ref,1024,10000,11100,0,TOP
.ref,1025,10350,11100,0,TOP
.ref,1026,10700,11100,0,TOP
.ref,1027,11050,11100,0,TOP
